Image Name,Price,index
0,3.91,0
1,3.91,0
2,3.91,0
3,3.91,0
4,3.91,0
5,3.91,0
10,3.91,0
11,3.91,0
12,3.91,0
13,3.91,0
14,3.91,0
15,3.91,0
16,3.91,0
17,3.91,0
18,3.91,0
21,3.91,0
22,3.91,0
23,3.91,0
24,3.91,0
25,3.91,0
26,3.91,0
27,3.91,0
32,3.91,0
33,3.91,0
34,3.91,0
35,3.91,0
37,3.91,0
41,3.91,0
42,3.91,0
43,3.91,0
44,3.91,0
45,3.91,0
46,3.91,0
47,3.91,0
51,3.91,0
52,3.91,0
53,3.91,0
54,3.91,0
55,3.91,0
56,3.91,0
58,3.91,0
61,3.91,0
62,3.91,0
63,3.91,0
64,3.91,0
65,3.91,0
67,3.91,0
68,3.91,0
69,3.91,0
70,3.91,0
71,3.91,0
72,3.91,0
73,3.91,0
76,3.91,0
77,3.91,0
78,3.91,0
79,3.91,0
80,3.91,0
81,3.91,0
82,3.91,0
86,3.91,0
87,3.91,0
88,3.91,0
89,3.91,0
90,3.91,0
91,3.91,0
92,3.91,0
96,3.91,0
97,3.91,0
98,3.91,0
99,3.91,0
101,3.91,0
103,3.91,0
104,3.91,0
105,3.91,0
106,3.91,0
107,3.91,0
108,3.91,0
109,3.91,0
112,3.91,0
113,3.91,0
114,3.91,0
115,3.91,0
117,3.91,0
121,3.91,0
122,3.91,0
123,3.91,0
124,3.91,0
125,3.91,0
128,3.91,0
129,3.91,0
130,3.91,0
131,3.91,0
133,3.91,0
137,3.91,0
138,3.91,0
139,3.91,0
140,3.91,0
145,3.91,0
146,3.91,0
147,3.91,0
148,3.91,0
149,3.91,0
150,3.91,0
151,3.91,0
152,3.91,0
153,3.91,0
155,3.91,0
156,3.91,0
157,3.91,0
158,3.91,0
159,3.91,0
160,3.91,0
161,3.91,0
162,3.91,0
163,3.91,0
165,3.91,0
166,3.91,0
167,3.91,0
168,3.91,0
169,3.91,0
170,3.91,0
171,3.91,0
172,3.91,0
173,3.91,0
176,3.91,0
177,3.91,0
178,3.91,0
179,3.91,0
180,3.91,0
181,3.91,0
182,3.91,0
183,3.91,0
184,3.91,0
186,3.91,0
187,3.91,0
188,3.91,0
189,3.91,0
191,3.91,0
195,3.91,0
196,3.91,0
197,3.91,0
198,3.91,0
199,3.91,0
200,3.91,0
205,3.91,0
206,3.91,0
207,3.91,0
208,3.91,0
209,3.91,0
210,3.91,0
215,3.91,0
216,3.91,0
217,3.91,0
218,3.91,0
219,3.91,0
220,3.91,0
225,3.91,0
226,3.91,0
227,3.91,0
228,3.91,0
229,3.91,0
233,3.91,0
234,3.91,0
235,3.91,0
236,3.91,0
237,3.91,0
241,3.91,0
242,3.91,0
243,3.91,0
244,3.91,0
245,3.91,0
249,3.91,0
250,3.91,0
251,3.91,0
252,3.91,0
253,3.91,0
257,3.91,0
258,3.91,0
259,3.91,0
260,3.91,0
261,3.91,0
265,3.91,0
266,3.91,0
267,3.91,0
268,3.91,0
269,3.91,0
273,3.91,0
274,3.91,0
275,3.91,0
276,3.91,0
277,3.91,0
281,3.91,0
282,3.91,0
283,3.91,0
284,3.91,0
285,3.91,0
289,3.91,0
290,3.91,0
291,3.91,0
292,3.91,0
293,3.91,0
297,3.91,0
298,3.91,0
299,3.91,0
300,3.91,0
301,3.91,0
305,3.91,0
306,3.91,0
307,3.91,0
308,3.91,0
309,3.91,0
313,3.91,0
314,3.91,0
315,3.91,0
316,3.91,0
317,3.91,0
321,3.91,0
322,3.91,0
323,3.91,0
324,3.91,0
325,3.91,0
329,3.91,0
330,3.91,0
331,3.91,0
332,3.91,0
333,3.91,0
337,3.91,0
338,3.91,0
339,3.91,0
340,3.91,0
341,3.91,0
342,3.91,0
346,3.91,0
347,3.91,0
348,3.91,0
349,3.91,0
350,3.91,0
351,3.91,0
355,3.91,0
356,3.91,0
357,3.91,0
358,3.91,0
359,3.91,0
360,3.91,0
364,3.91,0
365,3.91,0
366,3.91,0
367,3.91,0
368,3.91,0
369,3.91,0
373,3.91,0
374,3.91,0
375,3.91,0
376,3.91,0
377,3.91,0
378,3.91,0
382,3.91,0
383,3.91,0
384,3.91,0
385,3.91,0
386,3.91,0
390,3.91,0
391,3.91,0
392,3.91,0
393,3.91,0
394,3.91,0
395,3.91,0
399,3.91,0
400,3.91,0
401,3.91,0
402,3.91,0
403,3.91,0
404,3.91,0
409,3.91,0
410,3.91,0
411,3.91,0
412,3.91,0
413,3.91,0
414,3.91,0
418,3.91,0
419,3.91,0
420,3.91,0
421,3.91,0
422,3.91,0
423,3.91,0
428,3.91,0
429,3.91,0
430,3.91,0
431,3.91,0
432,3.91,0
433,3.91,0
437,3.91,0
438,3.91,0
439,3.91,0
440,3.91,0
441,3.91,0
442,3.91,0
443,3.91,0
444,3.91,0
445,3.91,0
448,3.91,0
449,3.91,0
450,3.91,0
451,3.91,0
452,3.91,0
453,3.91,0
458,3.91,0
459,3.91,0
460,3.91,0
461,3.91,0
462,3.91,0
463,3.91,0
468,3.91,0
469,3.91,0
470,3.91,0
471,3.91,0
472,3.91,0
473,3.91,0
474,3.91,0
479,3.91,0
480,3.91,0
481,3.91,0
482,3.91,0
483,3.91,0
484,3.91,0
485,3.91,0
490,3.91,0
491,3.91,0
492,3.91,0
493,3.91,0
494,3.91,0
495,3.91,0
496,3.91,0
502,3.91,0
503,3.91,0
504,3.91,0
505,3.91,0
506,3.91,0
507,3.91,0
510,3.91,0
511,3.91,0
512,3.91,0
513,3.91,0
514,3.91,0
517,3.91,0
518,3.91,0
519,3.91,0
520,3.91,0
521,3.91,0
524,3.91,0
525,3.91,0
526,3.91,0
527,3.91,0
528,3.91,0
531,3.91,0
532,3.91,0
533,3.91,0
534,3.91,0
535,3.91,0
536,3.91,0
539,3.91,0
540,3.91,0
541,3.91,0
542,3.91,0
543,3.91,0
547,3.91,0
548,3.91,0
549,3.91,0
550,3.91,0
551,3.91,0
555,3.91,0
556,3.91,0
557,3.91,0
558,3.91,0
559,3.91,0
562,3.91,0
563,3.91,0
564,3.91,0
569,7.84,1
570,7.84,1
571,7.84,1
572,7.84,1
573,7.84,1
576,7.84,1
577,7.84,1
578,7.84,1
579,7.84,1
580,7.84,1
581,7.84,1
583,5.88,2
584,5.88,2
585,5.88,2
586,5.88,2
587,5.88,2
588,5.88,2
589,5.88,2
590,5.88,2
591,5.88,2
592,5.88,2
593,5.88,2
594,5.88,2
595,5.88,2
599,4.89,3
600,4.89,3
601,4.89,3
603,4.89,3
604,4.89,3
607,4.89,3
608,4.89,3
609,4.89,3
610,4.89,3
611,4.89,3
613,4.89,3
614,4.89,3
617,4.89,3
618,4.89,3
619,4.89,3
620,4.89,3
621,4.89,3
623,4.89,3
624,4.89,3
627,4.89,3
628,4.89,3
629,4.89,3
631,4.89,3
632,4.89,3
635,4.89,3
636,4.89,3
637,4.89,3
639,4.89,3
640,4.89,3
643,5.88,2
644,5.88,2
645,5.88,2
646,5.88,2
647,5.88,2
648,5.88,2
649,5.88,2
651,5.88,2
652,5.88,2
655,5.88,2
656,5.88,2
657,5.88,2
658,5.88,2
659,5.88,2
660,5.88,2
662,5.88,2
663,5.88,2
666,5.88,2
667,5.88,2
668,5.88,2
670,5.88,2
671,5.88,2
674,5.88,2
675,5.88,2
676,5.88,2
677,5.88,2
678,5.88,2
680,5.88,2
681,5.88,2
684,5.88,2
685,5.88,2
686,5.88,2
688,5.88,2
689,5.88,2
692,7.84,1
693,7.84,1
694,7.84,1
695,7.84,1
696,7.84,1
698,7.84,1
700,7.84,1
703,5.88,2
704,5.88,2
705,5.88,2
706,5.88,2
707,5.88,2
708,5.88,2
709,5.88,2
712,7.84,1
713,7.84,1
714,7.84,1
715,7.84,1
716,7.84,1
717,7.84,1
718,7.84,1
719,7.84,1
721,9.8,4
722,9.8,4
723,9.8,4
724,9.8,4
725,9.8,4
726,9.8,4
727,9.8,4
728,9.8,4
731,5.88,2
732,5.88,2
733,5.88,2
735,5.88,2
736,5.88,2
738,5.88,2
739,5.88,2
740,5.88,2
741,5.88,2
743,5.88,2
744,5.88,2
746,5.88,2
747,5.88,2
748,5.88,2
750,5.88,2
751,5.88,2
755,5.88,2
756,5.88,2
757,5.88,2
759,5.88,2
761,5.88,2
762,5.88,2
763,5.88,2
765,5.88,2
766,5.88,2
767,5.88,2
769,5.88,2
770,5.88,2
771,5.88,2
772,5.88,2
774,5.88,2
776,5.88,2
779,5.88,2
780,5.88,2
781,5.88,2
783,5.88,2
786,5.88,2
787,5.88,2
788,5.88,2
789,5.88,2
790,5.88,2
791,5.88,2
792,5.88,2
795,5.88,2
796,5.88,2
797,5.88,2
798,5.88,2
799,5.88,2
800,5.88,2
801,5.88,2
804,5.88,2
805,5.88,2
806,5.88,2
807,5.88,2
808,5.88,2
809,5.88,2
810,5.88,2
811,5.88,2
812,5.88,2
816,5.88,2
817,5.88,2
818,5.88,2
819,5.88,2
820,5.88,2
821,5.88,2
822,5.88,2
823,5.88,2
824,5.88,2
825,5.88,2
827,5.88,2
828,5.88,2
829,5.88,2
831,5.88,2
834,5.88,2
835,5.88,2
836,5.88,2
838,5.88,2
841,5.88,2
842,5.88,2
843,5.88,2
845,5.88,2
848,9.8,4
849,9.8,4
851,9.8,4
852,9.8,4
853,9.8,4
854,9.8,4
857,5.88,2
858,5.88,2
859,5.88,2
860,5.88,2
861,5.88,2
862,5.88,2
863,5.88,2
864,5.88,2
865,5.88,2
868,5.88,2
869,5.88,2
870,5.88,2
871,5.88,2
872,5.88,2
875,5.88,2
876,5.88,2
877,5.88,2
879,5.88,2
880,5.88,2
883,5.88,2
884,5.88,2
885,5.88,2
887,5.88,2
890,7.84,1
891,7.84,1
893,7.84,1
894,7.84,1
895,7.84,1
899,7.84,1
901,7.84,1
902,7.84,1
903,7.84,1
906,7.84,1
908,7.84,1
909,7.84,1
913,7.84,1
914,7.84,1
916,7.84,1
917,7.84,1
920,7.84,1
922,7.84,1
923,7.84,1
926,7.84,1
927,7.84,1
929,7.84,1
930,7.84,1
933,5.88,2
934,5.88,2
936,5.88,2
937,5.88,2
938,5.88,2
941,5.88,2
943,5.88,2
944,5.88,2
947,5.88,2
949,5.88,2
950,5.88,2
953,5.88,2
955,5.88,2
958,5.88,2
960,5.88,2
961,5.88,2
962,5.88,2
964,5.88,2
965,5.88,2
966,5.88,2
967,5.88,2
968,5.88,2
970,2.93,5
972,2.93,5
973,2.93,5
974,2.93,5
975,2.93,5
978,9.8,4
979,9.8,4
980,9.8,4
981,9.8,4
983,9.8,4
984,9.8,4
985,9.8,4
986,7.84,1
987,7.84,1
988,7.84,1
989,7.84,1
990,7.84,1
991,7.84,1
992,7.84,1
996,3.91,0
997,3.91,0
998,3.91,0
1000,3.91,0
1001,3.91,0
1002,3.91,0
1003,3.91,0
1005,4.89,3
1006,4.89,3
1007,4.89,3
1008,4.89,3
1009,4.89,3
1010,4.89,3
1011,4.89,3
1013,5.88,2
1014,5.88,2
1015,5.88,2
1016,5.88,2
1017,5.88,2
1019,5.88,2
1021,5.88,2
1022,5.88,2
1023,5.88,2
1024,5.88,2
1026,5.88,2
1027,5.88,2
1028,5.88,2
1031,5.88,2
1032,5.88,2
1033,5.88,2
1034,5.88,2
1035,5.88,2
1037,5.88,2
1040,6.86,6
1041,6.86,6
1043,6.86,6
1044,6.86,6
1045,6.86,6
1049,6.86,6
1051,6.86,6
1052,6.86,6
1053,6.86,6
1054,6.86,6
1058,7.84,1
1059,7.84,1
1060,7.84,1
1061,7.84,1
1062,7.84,1
1067,7.84,1
1068,7.84,1
1069,7.84,1
1070,7.84,1
1071,7.84,1
1072,7.84,1
1073,7.84,1
1074,7.84,1
1077,6.86,6
1078,6.86,6
1079,6.86,6
1080,6.86,6
1083,6.86,6
1084,6.86,6
1085,6.86,6
1086,6.86,6
1090,7.84,1
1091,7.84,1
1092,7.84,1
1093,7.84,1
1095,7.84,1
1096,7.84,1
1097,7.84,1
1099,6.86,6
1100,6.86,6
1101,6.86,6
1102,6.86,6
1104,3.91,0
1105,3.91,0
1106,3.91,0
1107,3.91,0
1108,3.91,0
1111,3.91,0
1113,3.91,0
1115,3.91,0
1118,4.89,3
1119,4.89,3
1120,4.89,3
1121,4.89,3
1122,4.89,3
1123,3.91,0
1124,3.91,0
1125,3.91,0
1126,3.91,0
1127,3.91,0
1130,2.93,5
1131,2.93,5
1132,2.93,5
1137,2.93,5
1139,2.93,5
1140,2.93,5
1141,2.93,5
1142,2.93,5
1143,2.93,5
1149,2.93,5
1151,2.93,5
1152,2.93,5
1153,2.93,5
1154,2.93,5
1157,2.93,5
1158,2.93,5
1159,2.93,5
1160,2.93,5
1161,2.93,5
1163,2.93,5
1164,2.93,5
1165,2.93,5
1166,2.93,5
1167,2.93,5
1168,2.93,5
1173,4.89,3
1174,4.89,3
1176,4.89,3
1177,4.89,3
1178,4.89,3
1179,4.89,3
1182,4.89,3
1183,4.89,3
1184,4.89,3
1185,4.89,3
1186,4.89,3
1187,4.89,3
1188,4.89,3
1191,4.89,3
1192,4.89,3
1193,4.89,3
1194,4.89,3
1196,4.89,3
1197,4.89,3
1198,4.89,3
1201,2.93,5
1202,2.93,5
1203,2.93,5
1204,2.93,5
1206,2.93,5
1207,2.93,5
1208,2.93,5
1209,2.93,5
1213,1.46,7
1214,1.46,7
1216,1.46,7
1217,1.46,7
1218,1.46,7
1219,1.46,7
1225,3.91,0
1226,3.91,0
1227,3.91,0
1228,3.91,0
1230,3.91,0
1231,3.91,0
1236,3.91,0
1238,3.91,0
1239,3.91,0
1240,3.91,0
1241,3.91,0
1245,3.91,0
1246,3.91,0
1247,3.91,0
1249,3.91,0
1250,3.91,0
1252,3.91,0
1254,1.46,7
1255,1.46,7
1256,1.46,7
1258,1.46,7
1262,3.91,0
1263,3.91,0
1264,3.91,0
1265,3.91,0
1266,3.91,0
1267,3.91,0
1268,3.91,0
1269,3.91,0
1270,3.91,0
1271,3.91,0
1272,3.91,0
1273,3.91,0
1276,3.91,0
1277,3.91,0
1278,3.91,0
1280,3.91,0
1281,3.91,0
1282,3.91,0
1285,3.91,0
1286,3.91,0
1287,3.91,0
1289,3.91,0
1290,3.91,0
1291,3.91,0
1292,3.91,0
1293,3.91,0
1297,3.91,0
1298,3.91,0
1299,3.91,0
1301,3.91,0
1302,3.91,0
1303,3.91,0
1306,3.91,0
1307,3.91,0
1308,3.91,0
1309,3.91,0
1310,3.91,0
1311,3.91,0
1312,3.91,0
1315,3.91,0
1316,3.91,0
1317,3.91,0
1318,3.91,0
1319,3.91,0
1320,3.91,0
1321,3.91,0
1323,3.91,0
1324,3.91,0
1325,3.91,0
1326,3.91,0
1327,3.91,0
1328,3.91,0
1329,3.91,0
1333,3.91,0
1334,3.91,0
1335,3.91,0
1336,3.91,0
1337,3.91,0
1338,3.91,0
1339,3.91,0
1340,3.91,0
1341,3.91,0
1342,3.91,0
1343,3.91,0
1344,3.91,0
1345,3.91,0
1346,3.91,0
1347,3.91,0
1348,3.91,0
1351,3.91,0
1352,3.91,0
1353,3.91,0
1354,3.91,0
1355,3.91,0
1356,3.91,0
1357,3.91,0
1363,2.93,5
1364,2.93,5
1365,2.93,5
1366,2.93,5
1367,2.93,5
1370,4.89,3
1371,4.89,3
1372,4.89,3
1373,4.89,3
1374,4.89,3
1375,4.89,3
1376,4.89,3
1377,4.89,3
1378,4.89,3
1379,4.89,3
1382,4.89,3
1383,4.89,3
1384,4.89,3
1385,4.89,3
1386,4.89,3
1392,4.89,3
1394,4.89,3
1395,4.89,3
1396,4.89,3
1397,4.89,3
1399,4.89,3
1400,4.89,3
1401,4.89,3
1402,4.89,3
1403,4.89,3
1404,4.89,3
1405,4.89,3
1406,4.89,3
1410,4.89,3
1411,4.89,3
1412,4.89,3
1413,4.89,3
1415,4.89,3
1416,4.89,3
1421,4.89,3
1422,4.89,3
1423,4.89,3
1424,4.89,3
1426,4.89,3
1427,4.89,3
1428,4.89,3
1432,4.89,3
1433,4.89,3
1434,4.89,3
1435,4.89,3
1437,4.89,3
1438,4.89,3
1439,4.89,3
1443,4.89,3
1444,4.89,3
1445,4.89,3
1446,4.89,3
1448,4.89,3
1452,4.89,3
1453,4.89,3
1454,4.89,3
1460,4.89,3
1461,4.89,3
1462,4.89,3
1463,4.89,3
1464,4.89,3
1467,4.89,3
1468,4.89,3
1469,4.89,3
1470,4.89,3
1471,4.89,3
1472,4.89,3
1474,4.89,3
1475,4.89,3
1476,4.89,3
1477,4.89,3
1478,4.89,3
1479,4.89,3
1481,3.91,0
1482,3.91,0
1483,3.91,0
1484,3.91,0
1485,3.91,0
1489,3.91,0
1490,3.91,0
1491,3.91,0
1492,3.91,0
1493,3.91,0
1497,3.91,0
1498,3.91,0
1499,3.91,0
1500,3.91,0
1501,3.91,0
1505,3.91,0
1506,3.91,0
1507,3.91,0
1508,3.91,0
1509,3.91,0
1513,3.91,0
1514,3.91,0
1515,3.91,0
1516,3.91,0
1517,3.91,0
1521,3.91,0
1522,3.91,0
1523,3.91,0
1524,3.91,0
1525,3.91,0
1529,3.91,0
1530,3.91,0
1531,3.91,0
1532,3.91,0
1533,3.91,0
1537,3.91,0
1538,3.91,0
1539,3.91,0
1540,3.91,0
1541,3.91,0
1545,3.91,0
1546,3.91,0
1547,3.91,0
1548,3.91,0
1549,3.91,0
1553,3.91,0
1554,3.91,0
1555,3.91,0
1556,3.91,0
1557,3.91,0
1561,3.91,0
1562,3.91,0
1563,3.91,0
1564,3.91,0
1565,3.91,0
1569,3.91,0
1570,3.91,0
1571,3.91,0
1572,3.91,0
1573,3.91,0
1577,3.91,0
1578,3.91,0
1579,3.91,0
1580,3.91,0
1581,3.91,0
1585,3.91,0
1586,3.91,0
1587,3.91,0
1588,3.91,0
1589,3.91,0
1593,3.91,0
1594,3.91,0
1595,3.91,0
1596,3.91,0
1597,3.91,0
1598,3.91,0
1602,3.91,0
1603,3.91,0
1604,3.91,0
1605,3.91,0
1606,3.91,0
1607,3.91,0
1611,3.91,0
1612,3.91,0
1613,3.91,0
1614,3.91,0
1615,3.91,0
1616,3.91,0
1620,3.91,0
1621,3.91,0
1622,3.91,0
1623,3.91,0
1624,3.91,0
1625,3.91,0
1629,3.91,0
1630,3.91,0
1631,3.91,0
1632,3.91,0
1633,3.91,0
1634,3.91,0
1638,3.91,0
1639,3.91,0
1640,3.91,0
1641,3.91,0
1642,3.91,0
1646,3.91,0
1647,3.91,0
1648,3.91,0
1649,3.91,0
1650,3.91,0
1651,3.91,0
1655,3.91,0
1656,3.91,0
1657,3.91,0
1658,3.91,0
1659,3.91,0
1660,3.91,0
1665,3.91,0
1666,3.91,0
1667,3.91,0
1668,3.91,0
1669,3.91,0
1670,3.91,0
1674,3.91,0
1675,3.91,0
1676,3.91,0
1677,3.91,0
1678,3.91,0
1679,3.91,0
1684,3.91,0
1685,3.91,0
1686,3.91,0
1687,3.91,0
1688,3.91,0
1689,3.91,0
1693,3.91,0
1694,3.91,0
1695,3.91,0
1696,3.91,0
1697,3.91,0
1698,3.91,0
1699,3.91,0
1700,3.91,0
1701,3.91,0
1704,3.91,0
1705,3.91,0
1706,3.91,0
1707,3.91,0
1708,3.91,0
1709,3.91,0
1714,3.91,0
1715,3.91,0
1716,3.91,0
1717,3.91,0
1718,3.91,0
1719,3.91,0
1724,3.91,0
1725,3.91,0
1726,3.91,0
1727,3.91,0
1728,3.91,0
1729,3.91,0
1730,3.91,0
1735,3.91,0
1736,3.91,0
1737,3.91,0
1738,3.91,0
1739,3.91,0
1740,3.91,0
1741,3.91,0
1746,3.91,0
1747,3.91,0
1748,3.91,0
1749,3.91,0
1750,3.91,0
1751,3.91,0
1752,3.91,0
1758,3.91,0
1759,3.91,0
1760,3.91,0
1761,3.91,0
1762,3.91,0
1763,3.91,0
1766,3.91,0
1767,3.91,0
1768,3.91,0
1769,3.91,0
1770,3.91,0
1773,3.91,0
1774,3.91,0
1775,3.91,0
1776,3.91,0
1777,3.91,0
1780,3.91,0
1781,3.91,0
1782,3.91,0
1783,3.91,0
1784,3.91,0
1787,3.91,0
1788,3.91,0
1789,3.91,0
1790,3.91,0
1791,3.91,0
1792,3.91,0
1795,3.91,0
1796,3.91,0
1797,3.91,0
1798,3.91,0
1799,3.91,0
1800,3.91,0
1803,3.91,0
1804,3.91,0
1805,3.91,0
1806,3.91,0
1807,3.91,0
1811,3.91,0
1812,3.91,0
1813,3.91,0
1814,3.91,0
1815,3.91,0
1818,3.91,0
1819,3.91,0
1820,3.91,0
1821,3.91,0
1825,3.91,0
1826,3.91,0
1827,3.91,0
1829,3.91,0
1830,3.91,0
1832,3.91,0
1833,3.91,0
1835,3.91,0
1837,3.91,0
1838,3.91,0
1839,3.91,0
1841,3.91,0
1845,3.91,0
1846,3.91,0
1847,3.91,0
1849,3.91,0
1853,3.91,0
1854,3.91,0
1855,3.91,0
1856,3.91,0
1857,3.91,0
1862,3.91,0
1863,3.91,0
1864,3.91,0
1865,3.91,0
1866,3.91,0
1868,3.91,0
1871,3.91,0
1872,3.91,0
1873,3.91,0
1875,3.91,0
1879,3.91,0
1880,3.91,0
1881,3.91,0
1883,3.91,0
1887,3.91,0
1888,3.91,0
1889,3.91,0
1890,3.91,0
1892,3.91,0
1895,3.91,0
1896,3.91,0
1897,3.91,0
1899,3.91,0
1902,5.88,2
1903,5.88,2
1904,5.88,2
1906,5.88,2
1907,5.88,2
1909,5.88,2
1910,5.88,2
1911,5.88,2
1912,5.88,2
1913,5.88,2
1914,5.88,2
1916,5.88,2
1917,5.88,2
1918,5.88,2
1919,5.88,2
1920,5.88,2
1921,5.88,2
1922,5.88,2
1924,5.88,2
1925,5.88,2
1926,5.88,2
1927,5.88,2
1928,5.88,2
1929,5.88,2
1930,5.88,2
1931,5.88,2
1933,3.91,0
1934,3.91,0
1935,3.91,0
1936,3.91,0
1937,3.91,0
1939,3.91,0
1940,3.91,0
1941,3.91,0
1943,3.91,0
1946,3.91,0
1947,3.91,0
1948,3.91,0
1949,3.91,0
1950,3.91,0
1951,3.91,0
1954,3.91,0
1955,3.91,0
1956,3.91,0
1957,3.91,0
1958,3.91,0
1959,3.91,0
1961,3.91,0
1963,3.91,0
1964,3.91,0
1965,3.91,0
1966,3.91,0
1971,3.91,0
1972,3.91,0
1973,3.91,0
1974,3.91,0
1977,3.91,0
1978,3.91,0
1979,3.91,0
1980,3.91,0
1981,3.91,0
1983,3.91,0
1984,3.91,0
1985,3.91,0
1986,3.91,0
1987,3.91,0
1989,3.91,0
1990,3.91,0
1991,3.91,0
1994,3.91,0
1995,3.91,0
1996,3.91,0
1997,3.91,0
2000,4.89,3
2001,4.89,3
2002,4.89,3
2003,4.89,3
2004,4.89,3
2006,5.88,2
2007,5.88,2
2008,5.88,2
2009,5.88,2
2010,5.88,2
2011,5.88,2
2012,5.88,2
2013,5.88,2
2016,5.88,2
2017,5.88,2
2018,5.88,2
2019,5.88,2
2020,5.88,2
2021,5.88,2
2022,5.88,2
2023,5.88,2
2026,5.88,2
2027,5.88,2
2028,5.88,2
2030,5.88,2
2031,5.88,2
2032,5.88,2
2035,6.86,6
2036,6.86,6
2037,6.86,6
2038,6.86,6
2039,6.86,6
2040,6.86,6
2043,4.89,3
2044,4.89,3
2046,4.89,3
2047,4.89,3
2048,4.89,3
2050,4.89,3
2051,4.89,3
2052,4.89,3
2054,4.89,3
2057,4.89,3
2058,4.89,3
2059,4.89,3
2060,4.89,3
2061,4.89,3
2062,4.89,3
2063,4.89,3
2066,7.84,1
2068,7.84,1
2069,7.84,1
2070,7.84,1
2074,4.89,3
2076,4.89,3
2077,4.89,3
2078,4.89,3
2080,4.89,3
2081,4.89,3
2082,4.89,3
2083,4.89,3
2084,4.89,3
2085,4.89,3
2086,4.89,3
2089,5.88,2
2090,5.88,2
2091,5.88,2
2092,5.88,2
2093,5.88,2
2094,5.88,2
2097,3.91,0
2098,3.91,0
2100,3.91,0
2101,3.91,0
2102,3.91,0
2104,5.88,2
2105,5.88,2
2106,5.88,2
2107,5.88,2
2108,5.88,2
2109,5.88,2
2112,5.88,2
2113,5.88,2
2114,5.88,2
2116,5.88,2
2117,5.88,2
2118,5.88,2
2121,6.86,6
2122,6.86,6
2123,6.86,6
2125,6.86,6
2126,6.86,6
2127,6.86,6
2128,6.86,6
2132,6.86,6
2133,6.86,6
2134,6.86,6
2135,6.86,6
2139,6.86,6
2140,6.86,6
2141,6.86,6
2142,6.86,6
2146,7.84,1
2147,7.84,1
2148,7.84,1
2149,7.84,1
2150,7.84,1
2152,6.86,6
2153,6.86,6
2154,6.86,6
2155,6.86,6
2159,2.93,5
2160,2.93,5
2161,2.93,5
2162,2.93,5
2168,5.88,2
2170,5.88,2
2171,5.88,2
2174,5.88,2
2175,5.88,2
2176,5.88,2
2177,5.88,2
2178,5.88,2
2179,5.88,2
2182,5.88,2
2183,5.88,2
2184,5.88,2
2185,5.88,2
2186,5.88,2
2190,4.89,3
2191,4.89,3
2192,4.89,3
2193,4.89,3
2194,4.89,3
2195,4.89,3
2196,4.89,3
2199,4.89,3
2200,4.89,3
2201,4.89,3
2202,4.89,3
2204,4.89,3
2205,4.89,3
2206,4.89,3
2207,4.89,3
2210,3.91,0
2211,3.91,0
2212,3.91,0
2213,3.91,0
2214,3.91,0
2215,3.91,0
2216,3.91,0
2217,3.91,0
2218,3.91,0
2220,4.89,3
2221,4.89,3
2222,4.89,3
2223,4.89,3
2224,4.89,3
2225,4.89,3
2226,4.89,3
2227,4.89,3
2231,3.91,0
2232,3.91,0
2233,3.91,0
2234,3.91,0
2235,3.91,0
2237,3.91,0
2238,3.91,0
2239,3.91,0
2240,3.91,0
2242,4.89,3
2243,4.89,3
2244,4.89,3
2245,4.89,3
2246,4.89,3
2247,4.89,3
2248,4.89,3
2249,4.89,3
2250,4.89,3
2251,6.86,6
2252,6.86,6
2253,6.86,6
2254,6.86,6
2255,6.86,6
2256,6.86,6
2257,6.86,6
2258,6.86,6
2260,5.88,2
2261,5.88,2
2262,5.88,2
2263,5.88,2
2264,5.88,2
2265,5.88,2
2268,5.88,2
2269,5.88,2
2270,5.88,2
2271,5.88,2
2272,5.88,2
2273,5.88,2
2274,5.88,2
2277,5.88,2
2278,5.88,2
2279,5.88,2
2280,5.88,2
2281,5.88,2
2282,5.88,2
2283,5.88,2
2285,7.84,1
2287,7.84,1
2288,7.84,1
2289,7.84,1
2291,7.84,1
2292,7.84,1
2293,7.84,1
2294,7.84,1
2295,7.84,1
2296,7.84,1
2297,7.84,1
2300,7.84,1
2301,7.84,1
2302,7.84,1
2303,7.84,1
2304,7.84,1
2305,7.84,1
2306,7.84,1
2307,7.84,1
2309,5.88,2
2310,5.88,2
2311,5.88,2
2312,5.88,2
2313,5.88,2
2315,5.88,2
2316,5.88,2
2317,5.88,2
2320,5.88,2
2321,5.88,2
2322,5.88,2
2323,5.88,2
2324,5.88,2
2325,5.88,2
2326,5.88,2
2329,5.88,2
2330,5.88,2
2331,5.88,2
2332,5.88,2
2333,5.88,2
2334,5.88,2
2335,5.88,2
2336,5.88,2
2339,6.86,6
2340,6.86,6
2341,6.86,6
2342,6.86,6
2343,6.86,6
2344,6.86,6
2345,6.86,6
2347,5.88,2
2348,5.88,2
2349,5.88,2
2350,5.88,2
2351,5.88,2
2352,5.88,2
2353,5.88,2
2354,5.88,2
2355,5.88,2
2357,5.88,2
2358,5.88,2
2359,5.88,2
2360,5.88,2
2361,5.88,2
2362,5.88,2
2365,5.88,2
2366,5.88,2
2367,5.88,2
2368,5.88,2
2369,5.88,2
2371,5.88,2
2372,5.88,2
2373,5.88,2
2374,5.88,2
2375,5.88,2
2376,5.88,2
2378,5.88,2
2379,5.88,2
2380,5.88,2
2381,5.88,2
2382,5.88,2
2383,5.88,2
2384,5.88,2
2385,5.88,2
2386,5.88,2
2388,6.86,6
2389,6.86,6
2390,6.86,6
2391,6.86,6
2392,6.86,6
2393,6.86,6
2394,6.86,6
2395,6.86,6
2397,5.88,2
2398,5.88,2
2399,5.88,2
2400,5.88,2
2401,5.88,2
2402,5.88,2
2403,5.88,2
2404,5.88,2
2406,5.88,2
2407,5.88,2
2408,5.88,2
2409,5.88,2
2410,5.88,2
2411,5.88,2
2412,5.88,2
2413,5.88,2
2414,5.88,2
2415,6.86,6
2416,6.86,6
2417,6.86,6
2418,6.86,6
2419,6.86,6
2420,6.86,6
2421,6.86,6
2423,4.89,3
2424,4.89,3
2425,4.89,3
2426,4.89,3
2427,4.89,3
2430,4.89,3
2431,4.89,3
2432,4.89,3
2433,4.89,3
2434,4.89,3
2437,5.88,2
2438,5.88,2
2439,5.88,2
2440,5.88,2
2443,5.88,2
2444,5.88,2
2445,5.88,2
2446,5.88,2
2447,5.88,2
2448,5.88,2
2449,5.88,2
2452,5.88,2
2453,5.88,2
2454,5.88,2
2455,5.88,2
2456,5.88,2
2457,5.88,2
2458,5.88,2
2459,5.88,2
2461,5.88,2
2462,5.88,2
2463,5.88,2
2464,5.88,2
2465,5.88,2
2466,5.88,2
2467,5.88,2
2468,5.88,2
2469,5.88,2
2472,5.88,2
2473,5.88,2
2474,5.88,2
2475,5.88,2
2476,5.88,2
2477,5.88,2
2479,5.88,2
2480,5.88,2
2481,5.88,2
2482,5.88,2
2483,5.88,2
2484,5.88,2
2485,5.88,2
2488,4.89,3
2489,4.89,3
2490,4.89,3
2492,4.89,3
2494,4.89,3
2497,5.88,2
2498,5.88,2
2499,5.88,2
2500,5.88,2
2501,5.88,2
2502,5.88,2
2503,5.88,2
2504,5.88,2
2505,5.88,2
2508,5.88,2
2509,5.88,2
2510,5.88,2
2511,5.88,2
2512,5.88,2
2513,5.88,2
2514,5.88,2
2515,5.88,2
2518,3.91,0
2519,3.91,0
2520,3.91,0
2522,3.91,0
2523,3.91,0
2524,3.91,0
2525,3.91,0
2528,6.86,6
2529,6.86,6
2530,6.86,6
2531,6.86,6
2533,7.84,1
2534,7.84,1
2535,7.84,1
2536,7.84,1
2538,7.84,1
2539,7.84,1
2540,7.84,1
2542,7.84,1
2543,7.84,1
2544,7.84,1
2545,7.84,1
2546,7.84,1
2551,7.84,1
2552,7.84,1
2553,7.84,1
2554,7.84,1
2555,7.84,1
2556,7.84,1
2557,7.84,1
2558,7.84,1
2561,9.8,4
2562,9.8,4
2563,9.8,4
2564,9.8,4
2566,9.8,4
2567,9.8,4
2568,9.8,4
2569,5.88,2
2570,5.88,2
2571,5.88,2
2573,5.88,2
2574,5.88,2
2577,6.86,6
2578,6.86,6
2579,6.86,6
2580,6.86,6
2582,6.86,6
2583,6.86,6
2584,6.86,6
2586,6.86,6
2589,4.89,3
2590,4.89,3
2591,4.89,3
2592,4.89,3
2593,4.89,3
2594,4.89,3
2595,4.89,3
2597,4.89,3
2598,4.89,3
2599,4.89,3
2600,4.89,3
2601,4.89,3
2605,4.89,3
2606,4.89,3
2607,4.89,3
2608,4.89,3
2611,4.89,3
2612,4.89,3
2613,4.89,3
2614,4.89,3
2615,4.89,3
2618,4.89,3
2619,4.89,3
2620,4.89,3
2621,4.89,3
2623,4.89,3
2627,4.89,3
2628,4.89,3
2629,4.89,3
2630,4.89,3
2631,4.89,3
2634,4.89,3
2635,4.89,3
2636,4.89,3
2637,4.89,3
2639,4.89,3
2640,4.89,3
2641,4.89,3
2645,4.89,3
2646,4.89,3
2647,4.89,3
2648,4.89,3
2649,4.89,3
2652,4.89,3
2653,4.89,3
2654,4.89,3
2655,4.89,3
2657,4.89,3
2658,4.89,3
2659,4.89,3
2663,4.89,3
2664,4.89,3
2665,4.89,3
2666,4.89,3
2668,4.89,3
2669,4.89,3
2674,4.89,3
2675,4.89,3
2676,4.89,3
2677,4.89,3
2678,4.89,3
2679,4.89,3
2681,4.89,3
2682,4.89,3
2683,4.89,3
2684,4.89,3
2685,4.89,3
2686,4.89,3
2687,4.89,3
2689,4.89,3
2690,4.89,3
2691,4.89,3
2692,4.89,3
2693,4.89,3
2695,1.95,8
2697,1.95,8
2698,1.95,8
2699,1.95,8
2700,1.95,8
2704,1.95,8
2705,1.95,8
2706,1.95,8
2707,1.95,8
2708,1.95,8
2710,2.93,5
2711,2.93,5
2712,2.93,5
2713,2.93,5
2715,2.93,5
2716,2.93,5
2717,2.93,5
2718,2.93,5
2722,3.91,0
2723,3.91,0
2724,3.91,0
2725,3.91,0
2727,3.91,0
2728,3.91,0
2733,3.91,0
2735,3.91,0
2736,3.91,0
2737,3.91,0
2738,3.91,0
2742,3.91,0
2743,3.91,0
2744,3.91,0
2746,3.91,0
2747,3.91,0
2751,3.91,0
2753,3.91,0
2754,3.91,0
2755,3.91,0
2756,3.91,0
2758,3.91,0
2759,3.91,0
2761,3.91,0
2765,4.89,3
2766,4.89,3
2767,4.89,3
2768,4.89,3
2769,4.89,3
2770,4.89,3
2773,2.93,5
2774,2.93,5
2776,2.93,5
2777,2.93,5
2780,3.91,0
2781,3.91,0
2782,3.91,0
2784,3.91,0
2785,3.91,0
2788,2.93,5
2789,2.93,5
2790,2.93,5
2792,2.93,5
2793,2.93,5
2795,3.91,0
2796,3.91,0
2798,3.91,0
2799,3.91,0
2800,3.91,0
2802,2.93,5
2803,2.93,5
2804,2.93,5
2808,5.88,2
2809,5.88,2
2810,5.88,2
2811,5.88,2
2812,5.88,2
2813,5.88,2
2814,5.88,2
2817,2.93,5
2818,2.93,5
2819,2.93,5
2820,2.93,5
2821,2.93,5
2825,3.91,0
2826,3.91,0
2827,3.91,0
2828,3.91,0
2829,3.91,0
2830,3.91,0
2833,3.91,0
2834,3.91,0
2835,3.91,0
2837,3.91,0
2838,3.91,0
2839,3.91,0
2841,2.93,5
2842,2.93,5
2844,2.93,5
2845,2.93,5
2848,2.93,5
2849,2.93,5
2850,2.93,5
2851,2.93,5
2852,2.93,5
2854,2.93,5
2855,2.93,5
2856,2.93,5
2857,2.93,5
2858,2.93,5
2861,2.93,5
2862,2.93,5
2864,2.93,5
2865,2.93,5
2868,3.91,0
2869,3.91,0
2870,3.91,0
2872,3.91,0
2873,3.91,0
2874,3.91,0
2876,2.44,9
2877,2.44,9
2879,2.44,9
2880,2.44,9
2882,2.93,5
2883,2.93,5
2884,2.93,5
2885,2.93,5
2887,2.44,9
2888,2.44,9
2889,2.44,9
2891,2.44,9
2892,2.44,9
2893,2.93,5
2894,2.93,5
2896,5.88,2
2897,5.88,2
2898,5.88,2
2899,5.88,2
2904,5.88,2
2905,5.88,2
2911,4.89,3
2912,4.89,3
2914,4.89,3
2915,4.89,3
2916,4.89,3
2917,4.89,3
2922,4.89,3
2923,4.89,3
2928,2.93,5
2930,2.93,5
2931,2.93,5
2932,2.93,5
2936,2.44,9
2937,2.44,9
2938,2.44,9
2940,2.44,9
2941,2.44,9
2942,2.44,9
2944,2.44,9
2945,2.44,9
2946,2.44,9
2948,2.44,9
2949,2.44,9
2950,2.44,9
2951,2.44,9
2953,2.44,9
2954,2.44,9
2955,2.44,9
2957,2.44,9
2958,2.44,9
2959,2.44,9
2960,2.44,9
2962,2.44,9
2963,2.44,9
2964,2.44,9
2965,2.44,9
2966,2.44,9
2968,2.44,9
2969,2.44,9
2970,2.44,9
2971,2.44,9
2972,2.44,9
2973,2.44,9
2974,2.44,9
2975,2.44,9
2976,2.44,9
2977,2.44,9
2978,2.44,9
2979,2.44,9
2980,2.44,9
2981,2.44,9
2982,2.44,9
2983,2.44,9
2984,2.44,9
2985,4.89,3
2986,4.89,3
2987,4.89,3
2988,4.89,3
2989,4.89,3
2991,3.91,0
2994,7.84,1
2995,7.84,1
2996,7.84,1
2997,7.84,1
2998,7.84,1
2999,7.84,1
3000,7.84,1
3003,1.95,8
3004,1.95,8
3005,1.95,8
3006,1.95,8
3010,1.95,8
3011,1.95,8
3012,1.95,8
3013,1.95,8
3014,1.95,8
3017,1.95,8
3018,1.95,8
3019,1.95,8
3020,1.95,8
3023,2.44,9
3024,2.44,9
3025,2.44,9
3026,2.44,9
3031,2.44,9
3032,2.44,9
3033,2.44,9
3034,2.44,9
3038,1.46,7
3039,1.46,7
3040,1.46,7
3041,1.46,7
3042,1.46,7
3048,1.46,7
3049,1.46,7
3050,1.46,7
3051,1.46,7
3053,1.46,7
3054,1.46,7
3055,1.46,7
3056,1.46,7
3057,1.46,7
3059,1.46,7
3060,1.46,7
3061,1.46,7
3062,1.46,7
3063,1.46,7
3065,1.46,7
3066,1.46,7
3067,1.46,7
3068,1.46,7
3069,1.46,7
3071,1.46,7
3072,1.46,7
3073,1.46,7
3074,1.46,7
3075,1.46,7
3077,1.46,7
3078,1.46,7
3079,1.46,7
3080,1.46,7
3081,1.46,7
3083,1.46,7
3084,1.46,7
3085,1.46,7
3086,1.46,7
3089,1.46,7
3090,1.46,7
3091,1.46,7
3094,1.46,7
3095,1.46,7
3096,1.46,7
3099,4.89,3
3100,4.89,3
3101,4.89,3
3102,4.89,3
3103,4.89,3
3104,4.89,3
3105,4.89,3
3112,4.89,3
3113,4.89,3
3114,4.89,3
3115,4.89,3
3116,4.89,3
3124,4.89,3
3125,4.89,3
3126,4.89,3
3127,4.89,3
3128,4.89,3
3129,4.89,3
3130,4.89,3
3133,4.89,3
3134,4.89,3
3135,4.89,3
3136,4.89,3
3137,4.89,3
3141,2.44,9
3142,2.44,9
3143,2.44,9
3149,2.44,9
3150,2.44,9
3151,2.44,9
3158,2.44,9
3159,2.44,9
3165,2.44,9
3166,2.44,9
3168,2.44,9
3169,2.44,9
3170,2.44,9
3174,3.91,0
3175,3.91,0
3177,3.91,0
3181,4.89,3
3182,4.89,3
3184,4.89,3
3185,4.89,3
3186,4.89,3
3189,4.89,3
3190,4.89,3
3192,4.89,3
3193,4.89,3
3194,4.89,3
3196,4.89,3
3197,4.89,3
3198,4.89,3
3199,4.89,3
3200,4.89,3
3201,4.89,3
3202,4.89,3
3204,2.93,5
3205,2.93,5
3206,2.93,5
3207,2.93,5
3208,2.93,5
3209,2.93,5
3215,4.89,3
3216,4.89,3
3217,4.89,3
3218,4.89,3
3221,4.89,3
3222,4.89,3
3223,4.89,3
3224,4.89,3
3225,4.89,3
3228,4.89,3
3229,4.89,3
3230,4.89,3
3231,4.89,3
3232,4.89,3
3233,4.89,3
3234,4.89,3
3235,4.89,3
3238,4.89,3
3239,4.89,3
3240,4.89,3
3241,4.89,3
3242,4.89,3
3243,4.89,3
3246,4.89,3
3247,4.89,3
3248,4.89,3
3249,4.89,3
3250,4.89,3
3251,4.89,3
3255,4.89,3
3256,4.89,3
3257,4.89,3
3258,4.89,3
3259,4.89,3
3260,4.89,3
